Luis Salvador,Ahumada Zepeda,ahumada1790@gmail.com,password01,E
Miguel Angel,Gutierrez Hernandez,chavador901@gmail.com,password01,E
Angel,Gutierrez Hernandez,chavador902@gmail.com,password01,E
Miguel Angel,Gutierrez Hernandez,chavador903@gmail.com,password01,E
Miguel Gutierrez,Ahumada Hernandez,chavador904@gmail.com,password01,E
Miguel Angel,Gutierrez Hernandez,chavador905@gmail.com,password01,E
Miguel,Gutierrez Hernandez,chavador906@gmail.com,password01,E
Luis Miguel,Hernandez Ahumada,chavador907@gmail.com,password01,E
Angel,Gutierrez Hernandez,chavador908@gmail.com,password01,E
Luis Angel,Gutierrez Hernandez,chavador909@gmail.com,password01,E
Miguel Luis,Gutierrez Hernandez,chavador9010@gmail.com,password01,E